id,especie,idade_anos,sexo,hemoglobina,hematocrito,leucocitos,glicose,ureia,creatinina,alt,albumina,diagnostico
VET0001,Canina,8.9,F,14.08,39.78,6.28,102.29,39.11,0.87,16.45,3.03,Otite
VET0002,Felina,5.0,M,10.87,40.16,13.98,99.17,36.54,1.99,41.78,3.46,Doença Periodontal
VET0003,Felina,20.0,M,9.84,37.28,5.89,110.44,117.37,3.5,12.73,1.54,Doença Renal Crônica
VET0004,Canina,14.4,F,16.54,45.25,9.18,158.81,23.48,1.55,71.87,3.65,Obesidade
VET0005,Canina,10.3,M,17.9,42.19,16.57,89.47,31.57,0.87,58.73,2.7,Otite
VET0006,Canina,9.1,M,15.32,46.75,14.38,111.68,33.21,0.83,33.34,2.75,Saudável
VET0007,Canina,10.4,M,12.35,43.16,8.97,118.32,36.73,0.88,62.24,2.68,Artrose
VET0008,Felina,9.8,M,11.66,39.39,12.34,141.59,59.82,1.86,77.29,3.3,Obesidade
VET0009,Felina,11.2,F,11.37,30.59,12.16,113.44,36.83,1.96,73.66,3.51,Artrose
VET0010,Felina,11.2,F,12.2,43.05,7.33,133.24,33.74,1.75,29.3,3.73,Dermatite
VET0011,Canina,2.9,F,17.66,39.68,11.09,119.05,34.5,1.45,62.99,2.99,Doença Periodontal
VET0012,Felina,14.1,M,10.71,33.05,16.17,399.81,45.34,1.39,50.41,3.71,Diabetes Mellitus
VET0013,Felina,19.9,M,11.45,42.41,16.2,115.88,58.68,1.04,17.65,3.7,Artrose
VET0014,Canina,4.4,F,14.63,52.25,15.82,73.12,46.5,0.99,55.94,3.31,Doença Cardíaca
VET0015,Canina,5.2,F,17.56,37.34,11.25,104.39,41.68,1.26,22.1,2.89,Saudável
VET0016,Canina,14.3,F,14.15,51.48,9.07,80.54,48.72,0.51,99.8,3.38,Saudável
VET0017,Canina,8.4,M,16.97,42.3,6.16,106.89,116.62,4.65,22.86,2.62,Doença Renal Crônica
VET0018,Canina,14.4,F,17.08,48.04,6.97,123.13,22.33,0.95,64.26,2.59,Obesidade
VET0019,Canina,15.6,M,16.85,54.06,6.8,117.76,35.68,0.83,16.92,3.15,Neoplasia
VET0020,Canina,5.1,F,16.77,49.73,6.55,73.65,32.09,0.82,30.91,2.87,Saudável
VET0021,Felina,8.6,M,13.82,43.94,11.17,142.49,39.64,1.37,25.82,3.4,Doença Periodontal
VET0022,Canina,17.4,M,17.87,47.86,9.94,102.39,60.4,4.69,55.28,1.89,Doença Renal Crônica
VET0023,Canina,6.6,F,16.1,41.35,13.85,111.13,44.12,1.11,56.82,2.69,Neoplasia
VET0024,Canina,4.7,M,16.65,41.89,11.46,109.08,24.01,1.19,19.36,3.47,Obesidade
VET0025,Canina,7.8,F,15.07,37.84,9.04,149.83,21.88,1.42,15.74,2.82,Obesidade
VET0026,Felina,12.4,M,9.61,35.4,9.29,524.92,39.4,1.75,72.43,3.11,Diabetes Mellitus
VET0027,Canina,7.2,F,14.26,54.35,6.98,209.61,34.81,0.93,66.94,3.42,Diabetes Mellitus
VET0028,Canina,4.6,F,13.0,49.83,13.33,118.3,117.28,3.42,73.23,2.1,Doença Renal Crônica
VET0029,Canina,3.7,M,12.29,43.48,16.52,95.02,32.98,1.0,28.8,2.98,Saudável
VET0030,Canina,10.0,M,14.22,37.94,14.44,90.83,44.67,1.44,29.08,3.35,Doença Cardíaca
VET0031,Felina,19.2,F,11.83,43.2,8.52,176.6,48.23,1.15,29.75,3.41,Obesidade
VET0032,Canina,18.9,M,15.87,44.11,13.85,79.96,46.71,0.82,43.1,2.58,Neoplasia
VET0033,Canina,5.3,F,12.67,46.29,8.94,111.77,20.44,0.92,40.36,2.53,Neoplasia
VET0034,Felina,8.1,F,9.75,36.2,12.4,102.34,45.93,1.51,10.69,3.15,Doença Periodontal
VET0035,Felina,9.0,F,14.78,37.79,14.99,94.95,53.22,1.73,46.49,3.87,Dermatite
VET0036,Felina,10.5,M,9.75,30.25,16.28,134.57,33.61,1.12,11.23,2.91,Artrose
VET0037,Canina,13.6,M,16.64,46.32,9.83,128.82,20.04,0.83,89.76,3.77,Obesidade
VET0038,Canina,1.3,M,17.39,51.1,14.58,92.9,31.94,0.83,15.91,2.8,Saudável
VET0039,Felina,6.7,M,10.48,37.26,15.96,429.75,31.74,1.95,75.99,3.6,Diabetes Mellitus
VET0040,Canina,10.7,F,15.27,54.33,6.83,88.28,26.76,0.72,22.67,3.31,Saudável
VET0041,Canina,7.1,M,16.69,47.41,7.62,110.56,39.08,0.93,70.67,2.84,Artrose
VET0042,Canina,8.2,F,14.07,53.51,9.2,93.5,46.7,1.28,15.6,2.69,Doença Periodontal
VET0043,Canina,5.3,M,12.05,48.36,10.92,76.71,48.74,1.08,31.77,3.15,Saudável
VET0044,Felina,11.3,M,13.08,31.14,9.35,134.56,43.79,1.46,40.3,2.56,Otite
VET0045,Canina,14.2,F,12.99,45.02,8.3,72.5,45.31,1.58,81.38,3.61,Doença Periodontal
VET0046,Felina,18.6,F,10.45,44.41,8.26,146.11,139.1,4.17,78.68,2.37,Doença Renal Crônica
VET0047,Canina,8.7,F,12.44,48.2,16.79,79.51,43.78,1.5,94.93,3.75,Saudável
VET0048,Canina,5.3,M,15.13,54.59,14.33,78.08,34.31,1.29,32.26,3.33,Otite
VET0049,Canina,5.9,M,16.0,39.93,12.22,108.58,34.97,0.51,10.81,2.96,Doença Periodontal
VET0050,Canina,4.3,M,17.56,41.12,12.98,81.1,29.65,1.43,75.6,2.62,Dermatite
VET0051,Felina,14.8,M,11.57,30.44,12.23,122.99,33.56,1.15,37.85,3.79,Doença Periodontal
VET0052,Felina,8.2,F,14.96,30.67,16.15,99.74,41.77,1.71,74.29,3.83,Doença Cardíaca
VET0053,Felina,15.1,F,12.46,35.36,16.53,90.08,46.92,1.23,55.96,2.84,Doença Periodontal
VET0054,Felina,7.0,M,10.15,43.77,6.93,110.48,36.63,0.85,12.52,2.75,Doença Periodontal
VET0055,Canina,13.0,M,17.2,42.08,16.46,99.08,33.1,1.14,56.5,3.49,Doença Cardíaca
VET0056,Felina,6.2,F,10.69,35.3,18.02,436.43,56.78,1.3,64.63,3.17,Diabetes Mellitus
VET0057,Canina,8.8,M,13.23,47.64,8.05,86.58,45.65,0.73,16.4,2.59,Saudável
VET0058,Canina,6.2,M,17.64,46.12,10.5,110.54,45.07,0.87,72.43,3.5,Saudável
VET0059,Canina,5.1,M,15.93,39.73,15.63,96.95,28.47,0.97,13.38,2.67,Dermatite
VET0060,Canina,3.5,F,16.59,37.0,10.58,96.13,21.64,1.57,30.35,2.9,Otite
VET0061,Canina,6.2,F,13.82,41.15,6.02,106.47,49.01,0.75,69.67,3.46,Dermatite
VET0062,Canina,10.7,F,17.09,44.61,9.33,86.26,41.38,1.4,26.35,2.98,Saudável
VET0063,Felina,7.9,F,14.41,42.1,19.29,130.34,41.8,1.51,56.27,2.61,Saudável
VET0064,Canina,20.0,F,15.27,49.77,7.84,109.03,37.51,1.55,13.82,2.84,Saudável
VET0065,Canina,4.9,M,15.61,42.34,13.86,107.95,64.45,4.12,55.8,2.2,Doença Renal Crônica
VET0066,Canina,6.0,M,16.29,45.31,16.13,104.73,41.87,1.45,34.67,3.55,Doença Periodontal
VET0067,Canina,14.9,F,13.17,43.22,9.69,118.93,109.47,4.95,75.44,2.18,Doença Renal Crônica
VET0068,Felina,10.4,M,9.98,41.79,15.78,397.0,30.76,1.81,10.8,3.49,Diabetes Mellitus
VET0069,Canina,3.4,M,14.63,41.23,13.75,110.86,36.39,1.56,14.65,3.16,Doença Cardíaca
VET0070,Felina,20.0,F,13.31,42.94,8.01,134.0,101.16,2.95,19.22,2.44,Doença Renal Crônica
VET0071,Felina,11.6,F,14.23,40.09,16.65,90.04,48.75,1.49,68.3,3.77,Doença Periodontal
VET0072,Canina,5.9,F,12.07,49.13,6.57,126.7,28.63,0.84,75.72,3.31,Obesidade
VET0073,Canina,6.4,F,14.43,38.23,14.62,84.29,96.75,3.45,39.92,1.87,Doença Renal Crônica
VET0074,Felina,13.7,F,13.03,39.48,8.29,103.47,52.53,0.92,29.45,2.89,Otite
VET0075,Felina,12.5,M,11.59,44.71,6.45,111.5,35.38,1.96,17.93,3.07,Doença Cardíaca
VET0076,Felina,3.4,F,13.43,40.57,11.42,97.72,41.93,1.12,24.37,3.18,Artrose
VET0077,Felina,8.1,M,10.61,34.31,14.69,147.48,48.11,0.89,15.29,3.83,Saudável
VET0078,Canina,9.9,F,13.78,38.66,12.59,101.18,39.46,0.79,11.36,3.75,Artrose
VET0079,Canina,6.7,F,13.51,49.17,13.77,391.29,29.39,0.8,63.79,3.63,Diabetes Mellitus
VET0080,Canina,3.4,M,12.64,39.79,16.39,106.83,106.45,2.43,62.88,2.06,Doença Renal Crônica
VET0081,Felina,11.9,M,12.5,33.8,11.8,579.68,41.97,1.81,23.2,3.44,Diabetes Mellitus
VET0082,Felina,20.0,M,9.61,30.12,11.57,77.41,52.45,1.9,40.38,2.86,Neoplasia
VET0083,Canina,1.0,M,14.61,50.02,6.1,217.13,38.4,1.2,31.78,3.43,Diabetes Mellitus
VET0084,Canina,7.2,M,13.2,52.79,14.13,70.69,64.53,1.56,34.37,2.11,Doença Renal Crônica
VET0085,Canina,3.1,F,15.64,49.11,6.89,117.57,45.15,1.39,84.07,3.71,Otite
VET0086,Canina,9.9,F,15.27,40.61,12.78,107.14,42.14,1.07,16.16,2.98,Saudável
VET0087,Felina,4.2,F,14.52,38.77,13.04,91.51,41.05,1.87,56.65,3.6,Saudável
VET0088,Felina,17.0,F,11.73,39.45,8.98,126.44,42.83,1.33,55.45,3.81,Saudável
VET0089,Felina,3.8,F,9.38,42.37,9.59,105.51,30.66,1.16,45.18,2.58,Saudável
VET0090,Canina,20.0,M,14.95,53.69,7.16,108.22,32.29,1.22,33.42,2.71,Saudável
VET0091,Canina,6.3,F,12.96,38.27,8.04,103.21,46.45,1.4,71.66,2.64,Saudável
VET0092,Felina,19.6,M,10.74,34.65,9.0,111.2,46.07,1.23,34.77,3.66,Otite
VET0093,Felina,15.8,F,13.74,34.62,18.29,146.23,39.8,1.23,45.39,3.82,Saudável
VET0094,Canina,5.3,F,17.26,38.85,10.32,97.67,99.33,2.62,87.29,2.53,Doença Renal Crônica
VET0095,Felina,13.7,F,11.64,39.16,7.75,123.89,35.38,1.63,26.07,2.66,Doença Cardíaca
VET0096,Canina,2.7,F,12.99,37.04,13.91,248.58,35.45,0.68,17.52,2.52,Diabetes Mellitus
VET0097,Canina,7.6,F,17.35,41.35,9.9,75.27,26.67,1.07,64.7,2.82,Otite
VET0098,Canina,8.3,F,12.35,44.04,8.58,80.98,48.8,1.18,60.12,3.04,Saudável
VET0099,Canina,4.8,F,14.57,46.74,13.66,105.11,25.15,1.05,47.08,3.63,Saudável
VET0100,Canina,3.0,F,15.79,46.59,7.27,100.28,23.52,0.87,22.86,3.4,Saudável
VET0101,Canina,3.7,F,13.24,44.05,15.85,80.22,35.23,0.96,11.63,3.53,Saudável
VET0102,Felina,13.1,M,9.41,37.11,13.35,120.27,142.01,3.39,10.7,2.68,Doença Renal Crônica
VET0103,Canina,8.7,F,17.06,45.73,9.67,109.58,33.54,0.7,86.95,3.65,Saudável
VET0104,Canina,17.6,F,14.8,38.36,10.27,110.18,47.05,0.72,16.03,3.64,Saudável
VET0105,Felina,20.0,F,11.34,38.13,19.05,75.33,49.45,0.89,36.28,3.63,Saudável
VET0106,Canina,15.9,M,14.6,54.95,12.15,235.73,26.6,0.89,43.53,2.59,Diabetes Mellitus
VET0107,Canina,11.1,F,14.79,50.01,13.22,105.44,20.25,0.74,69.55,3.13,Saudável
VET0108,Felina,20.0,M,9.03,42.07,16.32,113.87,88.42,6.03,50.86,2.53,Doença Renal Crônica
VET0109,Canina,15.2,M,12.84,49.08,12.83,107.11,25.1,0.71,90.14,3.47,Doença Periodontal
VET0110,Canina,7.0,F,17.45,50.66,12.57,102.71,46.67,1.14,66.92,2.7,Otite
VET0111,Canina,3.4,M,14.84,49.9,8.98,80.11,29.41,0.77,29.34,3.05,Saudável
VET0112,Canina,20.0,F,17.45,46.13,8.07,106.26,40.88,0.92,125.14,3.36,Obesidade
VET0113,Felina,8.7,F,13.15,33.96,18.65,120.91,39.74,1.12,23.36,3.47,Otite
VET0114,Felina,10.0,F,10.31,38.93,9.2,122.96,54.45,1.73,63.26,2.76,Saudável
VET0115,Felina,18.1,F,9.53,40.48,10.66,104.59,30.93,1.11,12.36,3.73,Doença Cardíaca
VET0116,Felina,5.1,M,10.46,38.36,6.05,123.35,39.69,1.88,72.17,2.96,Artrose
VET0117,Felina,19.4,F,14.41,44.94,17.06,137.59,37.47,1.49,14.71,2.63,Saudável
VET0118,Canina,3.0,M,17.99,42.88,14.23,110.33,89.47,4.51,31.73,1.54,Doença Renal Crônica
VET0119,Felina,8.5,F,11.16,41.76,13.43,131.81,49.63,1.08,20.18,3.57,Obesidade
VET0120,Canina,14.9,F,12.23,52.07,12.81,98.17,38.74,1.45,62.82,3.26,Dermatite
VET0121,Felina,9.5,F,14.94,41.35,11.69,126.59,41.68,1.07,51.78,3.8,Saudável
VET0122,Felina,20.0,M,14.57,35.13,12.89,86.93,59.87,1.98,55.47,3.63,Saudável
VET0123,Canina,9.8,M,16.29,47.68,6.59,92.74,96.6,2.91,43.58,2.75,Doença Renal Crônica
VET0124,Canina,18.4,F,16.18,48.68,9.03,226.45,39.08,1.16,26.14,3.42,Diabetes Mellitus
VET0125,Canina,2.6,F,16.01,52.07,7.87,70.96,43.37,1.17,72.97,3.59,Doença Periodontal
VET0126,Canina,3.2,M,16.82,54.3,11.9,94.42,80.14,2.57,61.53,2.06,Doença Renal Crônica
VET0127,Felina,4.3,M,11.13,30.78,5.94,344.64,32.54,1.53,71.67,3.74,Diabetes Mellitus
VET0128,Felina,8.5,F,10.27,42.94,17.91,85.73,52.12,1.14,66.18,3.9,Dermatite
VET0129,Canina,16.9,F,12.18,53.15,12.85,118.67,33.95,1.43,15.62,2.94,Saudável
VET0130,Canina,0.8,M,12.4,54.56,14.99,112.63,99.9,1.44,44.7,1.8,Doença Renal Crônica
VET0131,Canina,10.0,F,13.61,38.82,7.84,77.36,49.19,1.34,97.1,3.07,Dermatite
VET0132,Canina,18.8,F,13.67,51.37,9.59,84.97,26.98,0.64,33.08,2.96,Doença Cardíaca
VET0133,Canina,2.3,F,16.04,38.13,8.32,110.45,24.41,0.88,87.82,2.7,Doença Periodontal
VET0134,Canina,3.1,M,12.5,45.72,9.33,98.17,44.11,0.65,62.26,3.16,Doença Periodontal
VET0135,Felina,18.4,M,9.86,39.36,9.33,109.03,32.47,1.35,31.45,3.65,Saudável
VET0136,Canina,19.7,M,12.34,44.53,11.04,279.2,37.23,1.23,79.93,3.62,Diabetes Mellitus
VET0137,Canina,18.1,M,15.23,52.12,16.88,114.48,31.14,0.71,54.05,3.46,Doença Periodontal
VET0138,Felina,10.2,M,11.96,37.25,17.24,98.91,55.79,1.29,32.98,3.14,Saudável
VET0139,Canina,13.9,F,16.57,39.27,8.16,117.57,52.44,3.7,62.14,2.23,Doença Renal Crônica
VET0140,Felina,10.1,F,11.23,39.93,7.48,115.67,76.2,4.14,25.31,2.16,Doença Renal Crônica
VET0141,Felina,5.6,F,14.82,38.57,7.5,99.96,53.93,1.24,16.09,3.28,Saudável
VET0142,Canina,3.2,M,17.07,51.33,7.93,103.64,47.93,1.87,88.67,2.19,Doença Renal Crônica
VET0143,Canina,2.6,M,16.76,48.29,14.25,77.6,33.75,0.89,18.44,3.13,Saudável
VET0144,Canina,12.0,M,17.52,37.72,9.21,80.38,53.89,5.28,52.13,2.17,Doença Renal Crônica
VET0145,Canina,13.8,F,14.58,47.74,17.0,108.47,31.94,1.41,25.36,2.54,Saudável
VET0146,Canina,5.7,M,13.23,43.13,11.62,100.76,47.32,1.06,55.11,2.57,Doença Cardíaca
VET0147,Felina,11.3,F,9.21,38.27,11.63,137.13,34.82,0.83,41.43,2.83,Doença Periodontal
VET0148,Canina,8.8,M,12.3,50.04,7.23,100.42,28.43,0.69,44.18,3.54,Otite
VET0149,Canina,5.9,M,14.35,50.51,7.38,142.99,27.11,1.25,82.02,3.71,Obesidade
VET0150,Canina,9.0,F,12.11,51.88,11.77,362.8,27.03,0.88,12.71,3.75,Diabetes Mellitus
VET0151,Felina,6.6,F,14.6,33.98,14.06,124.28,39.53,1.82,76.3,3.74,Saudável
VET0152,Canina,2.6,M,16.43,41.99,9.1,118.17,20.31,1.29,73.56,3.31,Doença Periodontal
VET0153,Canina,10.7,F,17.94,42.61,9.74,73.95,33.28,0.79,40.9,3.58,Doença Periodontal
VET0154,Canina,4.9,M,17.61,40.34,10.1,116.43,21.85,0.6,24.65,3.27,Dermatite
VET0155,Felina,14.2,F,9.9,44.52,11.75,386.28,37.4,1.37,56.33,3.55,Diabetes Mellitus
VET0156,Canina,12.6,M,15.47,53.28,14.99,107.85,21.67,0.51,29.12,3.36,Saudável
VET0157,Felina,5.4,F,11.47,36.04,17.88,141.65,115.79,2.8,58.37,1.93,Doença Renal Crônica
VET0158,Felina,15.3,M,11.58,42.46,7.18,128.79,106.62,3.66,44.5,1.85,Doença Renal Crônica
VET0159,Canina,5.7,F,12.7,46.84,15.93,87.2,41.99,1.22,93.84,3.57,Otite
VET0160,Felina,14.9,F,12.4,39.86,18.08,101.96,39.8,0.81,67.86,3.62,Doença Periodontal
VET0161,Canina,8.7,F,12.63,47.38,11.1,75.94,90.87,2.56,16.05,2.4,Doença Renal Crônica
VET0162,Felina,6.2,M,12.19,31.55,7.92,115.44,38.89,1.93,67.31,3.88,Neoplasia
VET0163,Felina,8.7,M,10.56,44.55,11.54,97.8,31.51,0.86,58.44,3.14,Doença Periodontal
VET0164,Canina,6.8,F,13.36,48.05,8.78,98.88,30.78,1.41,83.86,3.12,Saudável
VET0165,Canina,5.8,F,14.1,43.53,14.86,86.41,26.27,0.59,52.0,3.13,Saudável
VET0166,Felina,10.4,M,14.05,33.32,10.83,134.67,54.71,1.26,42.14,2.92,Saudável
VET0167,Canina,12.4,M,17.6,39.14,16.27,104.19,35.95,0.54,52.8,3.03,Saudável
VET0168,Canina,6.5,M,12.97,48.82,16.68,98.11,41.44,0.58,47.59,2.65,Saudável
VET0169,Canina,13.6,M,15.68,53.89,13.28,73.84,30.64,1.11,46.29,3.58,Saudável
VET0170,Canina,16.5,M,16.89,48.01,10.11,82.77,43.67,2.95,47.19,2.29,Doença Renal Crônica
VET0171,Felina,20.0,M,10.09,32.35,17.08,73.35,42.58,1.0,71.55,3.28,Saudável
VET0172,Canina,14.4,F,13.39,46.04,14.05,117.91,26.61,1.47,94.09,3.69,Doença Cardíaca
VET0173,Canina,20.0,M,15.81,48.34,10.44,107.62,35.94,1.25,48.56,3.45,Saudável
VET0174,Canina,10.4,M,16.95,39.64,15.16,97.01,45.34,0.97,44.11,3.69,Doença Periodontal
VET0175,Felina,6.0,F,10.51,42.66,12.28,282.71,39.25,1.49,32.76,2.55,Diabetes Mellitus
VET0176,Canina,2.4,M,12.04,54.61,16.62,89.76,41.85,0.88,70.4,3.55,Neoplasia
VET0177,Felina,12.0,F,14.68,36.0,16.47,91.27,59.71,0.83,52.25,3.42,Saudável
VET0178,Canina,13.0,M,16.13,39.17,16.32,79.06,77.07,2.11,37.65,2.04,Doença Renal Crônica
VET0179,Felina,17.6,M,11.51,41.36,18.07,76.73,41.79,0.92,11.16,3.43,Neoplasia
VET0180,Canina,8.7,F,15.61,39.93,8.57,71.19,45.05,1.57,22.19,2.8,Doença Cardíaca
VET0181,Canina,10.0,F,17.21,53.68,10.62,99.73,21.18,1.13,59.33,2.54,Obesidade
VET0182,Canina,5.9,M,16.72,42.52,6.44,99.42,67.88,5.37,58.98,2.23,Doença Renal Crônica
VET0183,Felina,8.7,M,11.25,38.25,6.21,104.09,54.97,1.77,25.7,2.82,Saudável
VET0184,Felina,11.3,F,13.9,43.96,6.84,106.0,40.12,1.84,15.85,2.8,Otite
VET0185,Canina,12.4,F,16.51,37.92,11.42,92.11,30.03,0.93,57.69,2.71,Artrose
VET0186,Felina,12.9,F,12.43,42.08,16.14,82.31,34.48,1.12,35.28,3.07,Doença Periodontal
VET0187,Felina,10.6,M,13.08,30.85,5.99,101.35,50.91,1.03,54.91,2.86,Doença Periodontal
VET0188,Canina,9.7,M,17.32,53.12,9.27,81.5,90.2,2.56,70.51,2.43,Doença Renal Crônica
VET0189,Canina,10.1,F,12.94,50.28,9.97,103.56,28.12,0.59,99.33,2.7,Dermatite
VET0190,Canina,4.6,F,17.93,54.59,14.73,102.97,37.33,1.45,36.05,3.11,Saudável
VET0191,Canina,7.3,F,15.72,44.4,10.7,86.51,102.95,4.85,28.14,2.64,Doença Renal Crônica
VET0192,Felina,12.5,F,13.68,30.24,16.96,258.49,56.7,1.99,30.58,2.79,Diabetes Mellitus
VET0193,Felina,20.0,F,10.52,42.98,6.94,80.08,59.37,1.61,69.28,2.95,Doença Periodontal
VET0194,Felina,8.5,F,13.06,38.91,13.94,124.6,47.26,1.31,29.31,3.58,Saudável
VET0195,Canina,3.8,F,13.36,49.46,8.57,101.27,42.41,0.74,15.39,2.67,Saudável
VET0196,Canina,4.5,F,15.64,52.29,6.49,106.71,30.24,1.03,93.6,2.93,Doença Periodontal
VET0197,Felina,6.0,F,11.79,30.21,6.64,90.69,66.45,3.66,39.85,2.39,Doença Renal Crônica
VET0198,Felina,14.7,M,14.79,30.76,17.97,116.15,46.92,1.4,14.86,2.63,Doença Periodontal
VET0199,Felina,15.4,M,12.61,35.11,18.34,102.53,34.3,1.66,30.53,3.24,Saudável
VET0200,Felina,14.1,M,13.19,43.5,16.59,315.72,50.39,1.94,30.71,2.5,Diabetes Mellitus
VET0201,Felina,9.1,F,10.31,39.93,14.37,117.48,30.49,1.67,32.65,3.43,Doença Periodontal
VET0202,Canina,3.8,M,15.34,43.17,7.48,74.72,44.95,1.51,68.48,2.63,Saudável
VET0203,Canina,4.9,F,14.41,50.12,14.58,75.91,48.97,2.6,42.09,2.18,Doença Renal Crônica
VET0204,Felina,8.1,F,14.75,38.49,12.7,76.8,46.47,1.26,52.5,3.04,Saudável
VET0205,Felina,12.0,M,10.44,31.42,9.91,77.73,35.31,1.98,41.09,3.24,Saudável
VET0206,Canina,5.3,M,17.24,54.92,12.41,110.62,29.81,0.84,46.24,3.37,Neoplasia
VET0207,Canina,20.0,M,16.09,42.67,7.47,101.62,67.91,3.99,72.41,2.39,Doença Renal Crônica
VET0208,Felina,18.1,F,13.38,39.29,8.11,90.71,38.54,1.33,73.83,3.69,Obesidade
VET0209,Canina,5.7,M,17.78,38.94,11.26,99.28,88.91,1.89,15.13,1.71,Doença Renal Crônica
VET0210,Canina,4.9,F,15.83,51.76,6.46,94.91,40.68,0.78,37.7,3.3,Otite
VET0211,Canina,13.1,F,17.39,51.58,12.41,106.51,30.94,1.21,51.96,2.75,Dermatite
VET0212,Felina,4.6,M,13.21,38.35,10.52,142.91,30.63,1.18,13.98,3.57,Doença Periodontal
VET0213,Felina,5.4,F,13.21,34.97,14.96,254.37,52.69,1.35,38.86,3.81,Diabetes Mellitus
VET0214,Canina,5.7,F,12.72,47.52,16.66,294.78,21.86,0.87,55.53,2.71,Diabetes Mellitus
VET0215,Felina,12.2,F,14.99,36.78,10.47,102.06,77.96,6.17,39.04,2.22,Doença Renal Crônica
VET0216,Canina,3.7,F,12.37,51.65,16.35,102.44,48.64,0.67,52.97,3.28,Artrose
VET0217,Canina,12.2,M,15.49,44.23,9.72,92.95,31.75,0.68,128.34,2.77,Obesidade
VET0218,Felina,5.0,F,12.57,43.08,13.58,97.64,54.09,1.45,15.55,3.29,Neoplasia
VET0219,Felina,11.6,M,14.45,35.94,9.65,81.48,34.54,1.32,51.7,2.61,Saudável
VET0220,Felina,7.5,M,14.64,41.33,13.71,136.28,32.41,1.37,54.11,3.66,Dermatite
VET0221,Felina,12.0,M,13.7,34.16,18.67,79.95,56.25,1.97,22.4,3.51,Artrose
VET0222,Canina,2.9,F,12.24,44.3,11.68,99.03,48.08,1.24,53.32,3.55,Saudável
VET0223,Canina,16.3,F,17.7,37.4,16.81,74.31,44.43,0.81,21.9,3.07,Saudável
VET0224,Canina,3.4,M,15.86,43.86,6.6,99.97,47.07,0.92,29.47,3.08,Dermatite
VET0225,Canina,3.8,F,12.29,51.77,15.09,99.4,30.59,1.38,59.92,3.57,Doença Periodontal
VET0226,Canina,6.5,M,15.79,51.12,12.58,125.87,48.74,1.1,109.59,2.79,Obesidade
VET0227,Felina,11.4,F,10.11,30.89,13.96,131.1,45.7,1.07,56.66,2.61,Saudável
VET0228,Canina,15.6,F,14.65,39.94,8.03,107.75,31.6,0.56,71.81,3.17,Obesidade
VET0229,Felina,11.8,F,14.03,32.18,12.58,74.96,32.13,1.49,49.62,3.73,Saudável
VET0230,Felina,10.1,F,12.35,44.4,6.18,77.84,31.32,1.02,47.89,3.4,Saudável
VET0231,Felina,5.9,M,9.27,44.19,17.29,93.73,32.32,1.0,18.89,2.67,Saudável
VET0232,Canina,4.4,M,15.11,41.43,9.94,163.25,40.53,1.54,30.91,3.0,Obesidade
VET0233,Canina,2.0,M,12.03,49.07,13.06,90.54,34.69,0.96,12.16,2.94,Otite
VET0234,Canina,10.8,F,13.06,38.77,16.52,99.97,41.86,0.85,45.38,2.81,Doença Periodontal
VET0235,Canina,12.8,F,12.58,40.22,14.77,103.88,80.82,2.62,93.02,1.96,Doença Renal Crônica
VET0236,Felina,11.2,F,14.96,33.61,17.74,136.45,36.74,1.28,38.68,3.87,Doença Cardíaca
VET0237,Canina,8.4,F,13.09,51.38,9.68,106.54,61.01,4.24,84.94,2.62,Doença Renal Crônica
VET0238,Canina,7.5,F,12.84,44.48,12.03,118.87,35.59,1.6,30.88,3.38,Obesidade
VET0239,Felina,14.6,M,9.95,44.24,17.81,423.07,59.75,1.05,34.88,3.44,Diabetes Mellitus
VET0240,Canina,11.3,M,14.51,43.44,12.53,98.78,66.85,2.47,59.81,1.96,Doença Renal Crônica
VET0241,Felina,14.4,F,11.13,41.7,13.39,292.7,50.85,1.48,65.74,3.53,Diabetes Mellitus
VET0242,Felina,6.6,F,11.93,32.0,9.16,103.53,102.81,4.24,30.17,1.87,Doença Renal Crônica
VET0243,Felina,9.8,F,9.14,38.77,18.68,83.95,44.15,0.91,53.8,3.27,Dermatite
VET0244,Canina,9.0,M,14.44,46.38,15.86,79.81,20.68,1.45,61.94,3.66,Doença Periodontal
VET0245,Canina,16.9,M,15.58,51.58,10.73,107.49,47.39,1.13,26.27,2.85,Saudável
VET0246,Felina,14.5,F,10.19,33.7,9.79,114.41,47.64,1.31,53.08,2.61,Doença Cardíaca
VET0247,Canina,6.3,F,12.53,40.09,11.7,80.7,74.17,3.1,83.07,1.91,Doença Renal Crônica
VET0248,Felina,6.2,M,14.6,30.3,7.65,140.89,43.76,1.48,56.41,3.45,Doença Periodontal
VET0249,Felina,11.3,F,14.59,44.95,15.58,92.98,56.39,0.86,26.18,3.76,Doença Cardíaca
VET0250,Felina,14.3,M,10.54,33.31,7.43,138.73,45.0,1.61,26.73,3.56,Otite
VET0251,Canina,0.6,F,16.56,42.63,10.52,80.48,49.3,1.21,94.11,2.89,Saudável
VET0252,Canina,9.5,M,16.69,50.79,13.61,118.28,31.81,0.64,70.45,3.45,Artrose
VET0253,Felina,20.0,M,12.45,33.1,12.56,94.98,42.82,1.57,62.17,2.83,Otite
VET0254,Canina,15.6,F,14.43,41.84,8.18,109.17,95.47,3.35,77.62,2.9,Doença Renal Crônica
VET0255,Canina,5.1,M,14.26,43.11,6.69,94.31,23.27,0.77,38.52,3.55,Saudável
VET0256,Canina,7.7,M,17.25,42.44,15.45,158.54,42.94,0.66,110.51,3.73,Obesidade
VET0257,Felina,7.8,F,12.0,39.69,12.65,79.6,39.36,1.76,70.3,2.69,Otite
VET0258,Felina,9.4,F,14.71,34.93,14.77,130.15,54.36,1.93,31.9,3.7,Doença Periodontal
VET0259,Canina,2.6,F,12.79,49.69,14.16,103.89,27.57,1.46,25.2,2.57,Doença Cardíaca
VET0260,Canina,13.4,F,16.3,45.56,15.34,126.27,25.05,1.42,98.48,2.75,Obesidade
VET0261,Felina,4.9,F,12.63,36.91,17.1,136.37,51.28,0.93,68.72,3.44,Saudável
VET0262,Felina,9.8,M,13.18,35.44,17.81,128.03,87.28,5.06,72.05,1.86,Doença Renal Crônica
VET0263,Canina,13.1,F,13.62,41.48,16.36,84.91,43.27,0.93,22.53,2.51,Saudável
VET0264,Canina,12.3,M,15.27,54.56,10.06,87.86,30.32,1.07,49.66,3.64,Dermatite
VET0265,Felina,8.2,M,12.03,37.62,7.44,148.62,37.5,0.89,56.42,3.33,Saudável
VET0266,Felina,13.4,F,11.49,36.33,16.49,85.66,54.61,1.58,39.33,3.14,Doença Periodontal
VET0267,Felina,6.2,M,10.54,41.28,12.68,95.67,47.88,1.99,40.47,3.79,Dermatite
VET0268,Felina,10.8,F,11.07,30.82,8.36,103.5,36.59,0.8,74.05,3.68,Doença Cardíaca
VET0269,Canina,7.9,F,16.45,40.02,7.32,73.38,92.56,4.6,48.75,1.79,Doença Renal Crônica
VET0270,Canina,4.2,F,15.73,49.94,7.22,86.97,49.83,0.76,23.37,2.75,Obesidade
VET0271,Felina,2.4,F,13.81,35.12,11.72,124.05,45.27,1.83,70.62,2.51,Saudável
VET0272,Felina,8.6,F,13.67,36.91,19.34,162.73,59.61,1.71,52.07,3.25,Obesidade
VET0273,Felina,7.6,F,9.58,40.6,10.34,70.56,42.1,1.08,67.32,2.97,Saudável
VET0274,Felina,18.1,M,13.97,30.01,9.81,89.29,85.15,2.28,23.1,2.21,Doença Renal Crônica
VET0275,Canina,7.6,F,17.26,53.3,11.42,111.54,23.2,1.55,23.51,2.89,Obesidade
VET0276,Canina,13.4,F,12.99,51.1,7.35,101.75,23.72,0.58,91.85,2.75,Saudável
VET0277,Felina,20.0,F,13.93,38.17,6.59,146.44,37.41,1.83,21.82,3.7,Saudável
VET0278,Felina,20.0,M,9.08,37.68,16.27,144.78,57.28,1.78,72.17,2.78,Dermatite
VET0279,Felina,11.5,M,10.71,34.33,10.78,101.47,46.34,0.99,58.39,2.73,Dermatite
VET0280,Felina,20.0,M,10.86,37.55,16.65,129.16,49.37,0.99,48.29,2.62,Otite
VET0281,Felina,9.0,F,11.26,36.2,6.06,91.92,58.67,1.94,34.66,2.56,Otite
VET0282,Canina,8.9,F,13.07,44.06,16.43,77.06,42.91,0.62,98.31,3.0,Doença Periodontal
VET0283,Canina,4.7,M,16.65,43.17,12.9,79.6,67.53,4.98,92.59,2.24,Doença Renal Crônica
VET0284,Canina,16.2,M,14.01,42.65,12.99,87.8,49.79,2.62,83.29,1.94,Doença Renal Crônica
VET0285,Canina,3.9,M,13.8,48.57,12.61,104.8,30.88,1.41,28.37,3.11,Saudável
VET0286,Canina,10.9,F,16.81,40.24,7.21,114.18,30.29,1.25,12.28,3.4,Doença Cardíaca
VET0287,Canina,4.7,F,13.9,38.0,12.71,82.04,31.6,0.59,23.24,2.89,Doença Periodontal
VET0288,Canina,13.1,M,12.54,53.39,6.07,370.34,23.7,0.84,93.35,2.71,Diabetes Mellitus
VET0289,Canina,13.9,F,13.23,50.35,12.01,437.82,36.62,1.09,27.59,2.72,Diabetes Mellitus
VET0290,Canina,4.8,M,13.97,43.7,14.36,86.94,48.56,1.31,63.77,3.65,Artrose
VET0291,Canina,9.5,M,12.3,41.63,11.12,81.35,42.32,1.51,48.14,2.94,Saudável
VET0292,Canina,4.3,M,17.77,45.01,11.38,87.58,47.29,1.13,78.6,3.56,Doença Periodontal
VET0293,Felina,7.7,F,11.05,36.51,17.38,99.06,53.82,1.93,53.62,3.54,Doença Periodontal
VET0294,Canina,13.5,F,16.83,52.21,10.35,72.56,32.06,1.24,50.53,3.47,Doença Periodontal
VET0295,Canina,12.2,M,14.14,48.43,8.05,107.47,36.37,0.72,36.27,3.47,Saudável
VET0296,Canina,11.3,M,14.9,40.89,16.64,105.76,48.71,0.97,52.76,3.67,Doença Cardíaca
VET0297,Felina,6.0,M,12.15,40.61,9.03,105.74,33.7,1.05,10.07,2.55,Artrose
VET0298,Canina,1.7,F,17.86,41.36,13.3,111.95,36.52,0.67,75.53,3.28,Doença Periodontal
VET0299,Felina,8.4,F,13.39,41.55,19.16,115.89,40.25,1.58,14.79,3.76,Otite
VET0300,Canina,6.5,M,12.72,42.9,14.97,99.87,31.81,1.02,86.91,2.94,Artrose
VET0301,Canina,13.0,M,17.22,38.59,14.54,112.38,25.45,0.97,24.89,3.42,Dermatite
VET0302,Canina,5.5,M,15.21,48.44,8.16,80.59,21.24,0.85,60.38,3.62,Saudável
VET0303,Canina,12.8,F,16.0,44.84,16.48,105.96,47.9,1.08,33.3,2.57,Doença Periodontal
VET0304,Felina,7.0,F,13.36,31.82,9.74,112.6,46.93,1.52,21.64,3.03,Doença Periodontal
VET0305,Felina,15.3,F,12.7,44.55,15.69,466.91,52.87,1.51,23.44,3.43,Diabetes Mellitus
VET0306,Felina,19.2,M,12.61,37.35,12.9,96.76,45.58,1.04,66.36,2.76,Dermatite
VET0307,Canina,7.5,M,12.51,44.85,13.24,91.89,28.3,1.11,41.23,3.71,Artrose
VET0308,Canina,7.6,M,17.54,46.04,9.61,106.86,21.1,1.02,40.27,3.7,Artrose
VET0309,Felina,19.8,M,9.07,38.29,15.87,269.09,32.56,1.97,46.26,3.36,Diabetes Mellitus
VET0310,Canina,8.1,M,14.9,44.72,6.82,75.31,45.12,0.76,27.55,3.16,Saudável
VET0311,Canina,1.8,M,16.61,38.12,12.34,75.96,21.09,0.56,85.07,2.65,Neoplasia
VET0312,Canina,8.4,F,12.27,44.88,15.28,113.98,32.65,0.54,77.27,3.25,Obesidade
VET0313,Canina,16.1,F,13.89,38.92,10.03,74.97,43.0,1.56,97.31,3.62,Saudável
VET0314,Felina,15.3,F,12.6,40.51,9.49,120.46,43.67,1.38,63.04,2.89,Artrose
VET0315,Felina,16.5,F,10.91,43.87,6.29,108.85,57.38,1.53,48.25,2.85,Doença Cardíaca
VET0316,Felina,6.5,F,11.06,42.78,13.33,111.18,32.99,0.82,77.46,3.03,Doença Periodontal
VET0317,Canina,5.5,F,15.62,38.43,13.51,116.63,37.27,0.64,62.35,3.5,Doença Periodontal
VET0318,Canina,11.2,M,14.44,52.84,13.14,114.96,104.99,2.46,37.87,2.03,Doença Renal Crônica
VET0319,Canina,5.7,F,13.81,40.31,14.32,93.71,26.77,1.18,13.63,2.92,Saudável
VET0320,Canina,3.7,F,14.81,39.66,16.83,80.45,43.64,2.27,79.22,1.85,Doença Renal Crônica
VET0321,Canina,4.7,M,14.67,51.7,15.74,92.18,36.15,1.5,87.8,3.58,Obesidade
VET0322,Felina,15.2,F,13.51,44.12,14.97,99.07,58.15,1.13,33.25,3.48,Saudável
VET0323,Felina,8.6,M,13.59,43.94,8.37,133.84,155.4,2.29,37.11,2.11,Doença Renal Crônica
VET0324,Canina,4.6,M,16.31,54.58,10.15,110.09,72.4,3.55,26.26,2.8,Doença Renal Crônica
VET0325,Felina,20.0,M,11.36,39.12,11.72,129.39,36.85,0.87,31.0,3.16,Doença Periodontal
VET0326,Felina,8.9,F,10.01,35.32,11.1,74.59,47.5,1.86,20.62,3.34,Artrose
VET0327,Canina,19.4,F,15.99,44.55,13.71,90.54,78.78,1.06,72.25,2.67,Doença Renal Crônica
VET0328,Felina,7.2,F,11.52,37.53,18.24,127.38,107.42,5.18,70.51,2.49,Doença Renal Crônica
VET0329,Canina,5.6,F,16.18,38.5,15.49,94.03,22.06,1.1,47.54,3.64,Dermatite
VET0330,Canina,20.0,F,13.22,51.88,12.13,270.25,49.16,1.06,36.18,3.11,Diabetes Mellitus
VET0331,Canina,20.0,F,13.83,40.47,7.42,84.89,43.4,1.02,30.47,2.72,Saudável
VET0332,Felina,20.0,M,11.0,44.1,10.3,509.65,44.56,1.01,72.38,3.14,Diabetes Mellitus
VET0333,Canina,12.5,F,17.9,37.9,7.06,106.02,28.45,0.7,13.54,2.53,Saudável
VET0334,Canina,5.6,F,16.65,39.42,11.14,100.29,32.85,0.53,80.52,2.51,Saudável
VET0335,Canina,14.8,M,16.57,53.08,10.76,258.55,34.31,0.93,89.87,3.66,Diabetes Mellitus
VET0336,Canina,5.2,M,15.69,53.68,16.58,301.58,33.58,0.81,96.3,2.69,Diabetes Mellitus
VET0337,Felina,5.7,M,10.7,34.19,11.17,149.9,31.65,1.49,15.78,2.72,Artrose
VET0338,Felina,9.9,M,11.64,37.66,9.12,95.32,81.03,3.11,77.66,2.99,Doença Renal Crônica
VET0339,Canina,10.6,M,12.04,51.59,16.43,74.57,24.84,1.56,58.38,2.52,Doença Periodontal
VET0340,Canina,3.0,F,13.55,45.1,13.62,106.66,49.86,0.82,58.44,3.19,Otite
VET0341,Canina,4.0,F,14.43,40.04,16.75,112.67,34.95,1.16,30.45,3.21,Saudável
VET0342,Canina,20.0,M,16.17,46.27,16.89,100.57,31.13,1.35,25.34,3.0,Otite
VET0343,Canina,15.0,M,14.08,44.77,14.6,94.21,43.82,1.13,40.79,3.55,Saudável
VET0344,Canina,6.6,M,13.43,41.04,11.55,83.04,20.27,1.21,56.0,3.08,Neoplasia
VET0345,Canina,5.8,M,17.8,47.28,15.5,76.97,37.08,1.45,62.48,3.43,Saudável
VET0346,Felina,5.7,F,11.23,31.39,11.91,253.41,56.01,1.09,77.67,3.84,Diabetes Mellitus
VET0347,Felina,8.2,M,11.09,43.43,19.03,105.48,39.63,1.43,58.14,2.88,Saudável
VET0348,Canina,12.4,M,16.42,37.93,6.54,89.31,30.6,0.85,54.19,2.92,Neoplasia
VET0349,Canina,5.9,M,13.15,42.57,16.72,90.56,33.34,1.13,98.5,2.81,Doença Periodontal
VET0350,Felina,4.1,F,13.09,40.74,14.0,77.09,50.31,0.88,51.73,3.54,Doença Periodontal
VET0351,Canina,7.1,F,13.27,52.15,6.33,112.19,33.81,0.74,22.04,3.74,Saudável
VET0352,Felina,20.0,F,9.44,32.99,10.37,119.62,46.34,0.95,30.28,2.83,Dermatite
VET0353,Felina,10.8,M,10.28,36.17,15.36,87.4,41.0,1.27,78.35,3.84,Saudável
VET0354,Canina,20.0,M,16.8,41.35,6.75,85.85,28.0,1.06,80.0,3.62,Doença Cardíaca
VET0355,Canina,9.9,M,17.07,43.47,13.56,85.64,21.83,1.27,10.88,3.03,Saudável
VET0356,Felina,5.8,M,10.98,40.4,16.23,94.33,54.35,1.15,41.24,3.52,Saudável
VET0357,Canina,7.5,M,16.16,54.77,8.48,103.12,38.29,1.51,24.07,3.48,Saudável
VET0358,Canina,7.0,F,15.41,41.94,11.22,263.32,37.38,1.48,61.24,3.32,Diabetes Mellitus
VET0359,Felina,6.8,F,9.31,33.49,12.39,94.82,35.45,1.4,32.6,2.86,Doença Periodontal
VET0360,Canina,4.3,F,14.78,39.4,16.21,113.39,41.23,0.62,79.83,3.55,Saudável
VET0361,Canina,7.9,F,16.61,39.05,13.08,111.72,37.32,1.21,51.25,3.19,Dermatite
VET0362,Felina,7.2,M,9.21,39.58,6.64,376.24,38.78,1.45,19.34,3.47,Diabetes Mellitus
VET0363,Canina,8.5,M,12.98,38.88,7.6,113.86,35.85,1.01,19.6,3.34,Doença Periodontal
VET0364,Canina,3.6,M,17.21,51.91,12.89,185.89,23.37,0.55,33.17,2.68,Diabetes Mellitus
VET0365,Felina,11.4,F,11.31,44.14,14.05,448.45,51.31,0.94,61.51,2.89,Diabetes Mellitus
VET0366,Canina,10.8,F,14.05,54.96,8.9,83.96,47.92,0.53,72.7,3.44,Doença Periodontal
VET0367,Felina,16.9,F,14.02,44.62,19.16,75.22,54.66,1.58,55.31,2.68,Saudável
VET0368,Felina,6.5,M,12.9,44.74,18.27,105.13,31.2,1.23,67.85,3.48,Saudável
VET0369,Canina,9.5,M,14.76,37.99,10.7,93.45,47.86,1.21,38.05,3.18,Doença Cardíaca
VET0370,Canina,3.0,F,12.4,54.51,9.96,93.89,30.66,1.25,69.6,3.43,Artrose
VET0371,Canina,4.7,F,13.61,42.68,7.38,102.78,49.83,3.35,88.27,2.25,Doença Renal Crônica
VET0372,Canina,6.6,M,16.02,51.78,8.69,91.07,86.82,3.49,31.89,2.52,Doença Renal Crônica
VET0373,Canina,9.0,M,16.92,50.68,6.54,112.19,33.14,0.88,59.18,2.62,Otite
VET0374,Felina,19.0,F,13.54,38.74,8.11,173.09,35.53,0.87,51.15,3.68,Diabetes Mellitus
VET0375,Canina,6.6,M,12.29,47.31,15.01,86.34,30.49,1.16,34.68,2.53,Saudável
VET0376,Canina,8.8,F,16.41,48.26,12.39,107.08,40.26,0.73,41.72,2.66,Saudável
VET0377,Felina,5.9,F,9.78,40.14,17.52,147.02,48.85,1.02,17.4,3.64,Dermatite
VET0378,Canina,7.1,M,15.47,48.13,14.6,105.16,45.03,0.56,77.28,3.61,Otite
VET0379,Felina,10.2,F,10.72,39.61,9.9,146.64,31.0,1.5,21.66,3.5,Saudável
VET0380,Canina,13.6,M,13.06,41.24,11.44,115.74,26.35,0.66,78.31,3.15,Saudável
VET0381,Canina,5.1,F,17.47,39.64,13.11,81.64,24.7,1.25,63.43,3.48,Saudável
VET0382,Felina,10.9,M,10.86,36.72,11.18,148.73,38.77,1.15,34.82,3.29,Otite
VET0383,Felina,20.0,M,10.51,43.73,9.22,141.67,33.1,1.59,73.49,2.74,Saudável
VET0384,Felina,16.2,F,14.81,36.79,18.74,124.15,39.05,1.03,31.26,2.63,Saudável
VET0385,Felina,16.3,F,9.86,31.57,11.42,164.29,34.24,0.96,77.98,2.78,Obesidade
VET0386,Felina,8.4,F,14.54,42.32,10.46,122.47,46.12,1.61,57.79,3.38,Saudável
VET0387,Canina,5.1,F,13.6,37.7,11.01,114.55,37.08,1.42,99.25,2.71,Otite
VET0388,Canina,20.0,M,16.15,49.14,16.78,119.28,40.6,0.77,81.87,2.64,Saudável
VET0389,Felina,20.0,M,13.68,43.65,10.86,120.45,42.9,1.33,31.73,3.57,Saudável
VET0390,Felina,20.0,M,14.62,44.11,7.95,139.98,52.12,1.1,14.71,2.88,Saudável
VET0391,Felina,8.5,F,14.47,39.5,15.59,90.57,51.58,0.83,36.27,3.38,Dermatite
VET0392,Canina,7.4,F,12.88,51.81,8.59,102.61,32.16,1.16,19.67,2.52,Doença Cardíaca
VET0393,Canina,4.4,F,17.46,41.85,15.02,176.92,26.34,0.79,115.07,3.76,Obesidade
VET0394,Felina,20.0,F,13.77,32.04,19.18,147.15,78.69,4.21,17.01,1.78,Doença Renal Crônica
VET0395,Canina,5.0,M,14.05,54.66,12.93,90.81,25.0,1.58,83.88,2.87,Otite
VET0396,Felina,1.5,F,9.42,30.85,7.19,116.46,57.86,1.4,69.01,3.12,Saudável
VET0397,Felina,18.3,M,13.25,40.98,7.94,98.9,116.38,3.53,35.31,2.48,Doença Renal Crônica
VET0398,Canina,12.5,F,14.59,51.34,12.55,114.33,32.33,1.16,66.7,3.04,Doença Cardíaca
VET0399,Felina,9.5,M,9.87,31.4,5.73,139.88,37.09,1.05,61.52,2.95,Saudável
VET0400,Felina,10.5,F,12.04,32.44,18.94,138.13,55.91,1.29,63.37,2.7,Saudável
VET0401,Canina,6.5,F,12.05,37.36,12.45,92.77,35.54,0.51,48.04,3.43,Saudável
VET0402,Felina,6.8,M,11.66,40.98,8.76,135.05,47.65,1.05,26.57,3.38,Saudável
VET0403,Canina,15.0,M,16.98,44.48,8.84,113.35,40.08,0.99,53.91,2.77,Saudável
VET0404,Felina,6.5,F,12.76,35.38,19.44,108.41,44.58,1.48,74.17,3.62,Doença Periodontal
VET0405,Canina,15.2,M,14.71,49.94,12.45,252.71,25.77,1.01,32.12,3.69,Diabetes Mellitus
VET0406,Felina,13.4,F,14.71,38.0,14.34,113.44,33.88,1.25,16.94,3.37,Doença Cardíaca
VET0407,Canina,4.8,F,14.68,51.0,8.43,106.01,32.19,1.52,100.48,3.04,Obesidade
VET0408,Canina,5.7,F,17.91,49.0,9.14,99.29,61.96,3.89,25.73,2.52,Doença Renal Crônica
VET0409,Felina,5.2,F,13.04,39.22,17.99,76.29,104.68,3.8,79.16,1.96,Doença Renal Crônica
VET0410,Canina,9.4,F,13.43,42.06,10.52,81.72,37.24,3.93,96.9,2.17,Doença Renal Crônica
VET0411,Canina,12.1,M,16.95,39.64,7.76,109.5,38.49,0.55,66.03,2.9,Doença Periodontal
VET0412,Felina,11.4,F,11.21,41.55,16.85,102.03,168.78,4.89,64.03,1.96,Doença Renal Crônica
VET0413,Felina,18.1,F,14.62,42.38,16.58,86.07,54.15,1.82,30.24,3.83,Otite
VET0414,Canina,5.4,M,12.3,39.7,11.91,225.85,39.35,0.52,96.43,2.56,Diabetes Mellitus
VET0415,Felina,20.0,F,9.08,38.5,18.55,123.28,54.68,0.82,47.94,3.14,Doença Periodontal
VET0416,Canina,3.6,M,14.99,38.3,13.53,223.13,42.95,1.03,23.44,3.34,Diabetes Mellitus
VET0417,Canina,20.0,M,17.23,48.04,7.73,118.12,98.88,2.09,66.41,2.25,Doença Renal Crônica
VET0418,Canina,5.9,M,15.01,45.19,14.29,76.62,36.41,1.1,18.05,3.04,Artrose
VET0419,Felina,15.3,F,14.12,42.84,6.89,77.26,37.88,1.85,19.02,3.51,Dermatite
VET0420,Felina,6.5,M,9.61,39.35,10.48,133.11,37.01,1.57,26.5,3.5,Saudável
VET0421,Felina,14.2,M,14.24,31.9,17.63,117.49,33.81,1.31,21.26,3.48,Doença Cardíaca
VET0422,Felina,9.8,M,13.55,31.59,12.59,376.91,58.08,1.42,76.52,3.25,Diabetes Mellitus
VET0423,Canina,5.4,M,17.09,45.87,11.19,94.52,45.4,1.42,46.32,2.93,Doença Cardíaca
VET0424,Canina,17.5,M,14.95,47.31,8.62,162.88,34.59,0.87,29.69,2.81,Obesidade
VET0425,Canina,5.7,M,13.01,45.29,9.38,207.71,29.69,1.1,59.65,2.96,Diabetes Mellitus
VET0426,Canina,13.0,M,17.79,43.79,8.84,82.17,33.73,1.34,28.54,3.42,Saudável
VET0427,Canina,9.8,F,12.13,44.54,14.53,86.94,75.22,2.69,76.78,1.99,Doença Renal Crônica
VET0428,Felina,5.0,F,11.12,40.84,9.97,142.47,33.8,1.01,44.51,2.61,Doença Periodontal
VET0429,Canina,5.5,F,13.18,53.99,16.74,88.81,47.7,1.1,34.28,3.41,Otite
VET0430,Canina,7.5,F,15.95,54.8,8.92,103.6,59.16,2.25,10.35,2.67,Doença Renal Crônica
VET0431,Canina,17.1,F,13.8,39.72,9.13,88.8,42.69,1.09,16.97,2.52,Saudável
VET0432,Felina,14.4,M,9.61,36.16,18.56,176.98,54.05,1.36,65.27,2.65,Obesidade
VET0433,Felina,16.9,M,10.01,37.68,12.32,120.01,58.39,1.5,47.82,2.57,Neoplasia
VET0434,Canina,20.0,M,12.38,40.37,6.36,107.17,41.7,0.65,85.25,2.7,Doença Periodontal
VET0435,Canina,13.6,F,13.81,41.48,10.1,82.73,34.67,0.95,98.79,2.57,Saudável
VET0436,Felina,9.0,M,9.85,30.79,14.26,74.36,112.24,3.31,46.89,2.18,Doença Renal Crônica
VET0437,Canina,6.7,F,15.56,40.78,7.28,118.51,20.66,1.38,80.92,2.89,Saudável
VET0438,Felina,3.8,M,9.81,32.18,15.26,121.42,53.48,1.92,58.43,2.72,Artrose
VET0439,Felina,14.3,M,10.46,42.63,8.43,75.8,51.1,1.28,74.4,3.41,Saudável
VET0440,Canina,11.7,F,12.54,54.06,8.84,86.86,32.07,0.56,54.69,2.66,Doença Periodontal
VET0441,Canina,18.1,M,14.41,43.31,14.5,110.16,65.16,3.25,43.6,1.72,Doença Renal Crônica
VET0442,Felina,5.5,M,11.2,31.59,14.29,79.71,59.58,1.74,37.32,3.31,Doença Periodontal
VET0443,Canina,3.2,M,17.47,46.97,7.92,88.94,45.29,1.21,68.57,3.63,Otite
VET0444,Canina,5.8,M,17.36,53.56,7.04,139.9,42.22,1.33,116.55,2.72,Obesidade
VET0445,Felina,16.2,F,9.52,36.96,7.94,97.0,30.54,1.28,48.49,3.37,Saudável
VET0446,Felina,20.0,M,12.98,42.54,8.52,79.64,55.55,0.99,78.23,3.68,Saudável
VET0447,Felina,16.7,M,12.01,44.72,6.86,94.25,49.15,1.22,74.99,2.59,Saudável
VET0448,Felina,12.1,M,12.3,38.86,14.64,90.45,40.94,1.81,23.65,3.66,Doença Cardíaca
VET0449,Canina,19.6,F,15.38,50.72,13.85,80.38,37.06,1.45,48.89,3.76,Doença Cardíaca
VET0450,Canina,5.7,F,14.71,39.57,10.28,117.59,29.59,1.45,89.31,2.96,Doença Periodontal
VET0451,Felina,12.4,M,9.5,40.87,9.86,132.63,43.28,1.38,64.45,3.04,Doença Periodontal
VET0452,Canina,4.1,M,14.66,43.77,10.04,96.3,44.26,0.9,57.18,3.37,Otite
VET0453,Canina,5.9,F,13.62,42.0,16.27,106.18,37.32,1.21,12.64,3.3,Saudável
VET0454,Felina,14.7,F,12.06,38.19,10.53,76.52,35.8,1.94,38.61,3.15,Artrose
VET0455,Canina,15.4,F,12.32,37.68,13.89,230.62,35.26,0.77,77.03,2.72,Diabetes Mellitus
VET0456,Canina,4.4,M,14.76,42.15,8.72,102.26,117.64,3.58,47.59,1.87,Doença Renal Crônica
VET0457,Canina,4.3,M,16.26,37.13,11.7,71.88,37.08,1.51,97.16,3.2,Doença Periodontal
VET0458,Canina,13.3,M,14.75,54.01,13.41,73.24,33.97,0.76,52.28,3.09,Saudável
VET0459,Canina,7.0,F,15.49,43.42,7.81,95.19,44.91,1.23,40.45,3.72,Saudável
VET0460,Canina,7.1,M,17.47,40.77,6.43,107.07,44.83,1.56,90.09,3.28,Dermatite
VET0461,Canina,9.6,M,15.18,37.5,8.71,92.98,38.86,1.11,76.84,2.86,Saudável
VET0462,Felina,8.1,F,12.39,31.32,11.29,130.01,50.8,1.99,29.45,3.2,Doença Periodontal
VET0463,Felina,20.0,M,10.98,36.61,17.5,124.74,56.47,1.04,71.14,2.58,Saudável
VET0464,Canina,15.1,F,17.33,42.92,9.46,95.6,98.32,1.54,41.7,2.48,Doença Renal Crônica
VET0465,Felina,11.7,F,11.31,43.73,16.17,110.41,118.6,3.9,14.08,2.26,Doença Renal Crônica
VET0466,Canina,6.6,F,16.6,41.83,12.5,106.07,118.82,4.59,56.37,2.18,Doença Renal Crônica
VET0467,Canina,2.0,M,12.76,46.53,8.96,71.05,41.69,0.54,63.57,3.2,Dermatite
VET0468,Felina,8.0,M,14.81,37.26,6.39,114.14,112.09,7.61,40.12,2.13,Doença Renal Crônica
VET0469,Canina,13.0,M,14.43,37.74,9.82,83.26,40.58,1.54,34.12,3.55,Doença Periodontal
VET0470,Felina,8.7,F,9.33,38.07,6.49,569.9,52.99,1.59,67.67,3.41,Diabetes Mellitus
VET0471,Canina,8.3,M,16.28,53.64,11.69,75.85,35.85,0.64,63.32,3.13,Otite
VET0472,Felina,20.0,M,12.74,30.15,8.23,109.31,58.52,1.26,39.71,3.5,Artrose
VET0473,Canina,5.0,F,15.62,42.38,10.52,80.88,48.98,0.64,43.47,2.53,Dermatite
VET0474,Felina,5.5,F,10.33,41.71,8.32,76.41,44.23,0.81,15.93,3.63,Saudável
VET0475,Canina,14.2,F,16.63,53.47,15.4,104.16,21.57,1.36,86.1,3.54,Saudável
VET0476,Felina,16.3,F,12.05,33.49,17.33,128.17,120.29,3.54,25.8,1.72,Doença Renal Crônica
VET0477,Canina,10.9,F,17.99,37.45,15.19,88.27,45.25,1.11,91.15,3.7,Doença Periodontal
VET0478,Canina,14.5,M,12.05,38.36,8.75,103.47,46.65,1.01,64.63,2.75,Saudável
VET0479,Felina,14.8,F,13.83,44.51,9.26,316.06,32.58,1.47,45.19,2.7,Diabetes Mellitus
VET0480,Canina,13.4,M,14.0,46.39,12.44,70.42,42.83,1.28,42.97,2.57,Doença Periodontal
VET0481,Felina,11.7,M,13.53,44.33,8.86,95.88,87.8,5.06,20.84,2.03,Doença Renal Crônica
VET0482,Felina,20.0,M,11.52,38.43,5.58,76.28,56.44,0.89,59.48,3.79,Dermatite
VET0483,Canina,3.8,F,13.62,43.67,12.26,114.09,48.26,1.31,17.8,3.37,Saudável
VET0484,Felina,5.7,M,11.46,37.06,6.19,85.28,53.72,1.34,31.12,3.04,Saudável
VET0485,Canina,8.0,F,17.13,50.48,9.0,75.88,27.56,1.51,62.34,3.19,Dermatite
VET0486,Felina,20.0,M,12.58,35.49,16.8,292.71,33.5,0.95,47.58,3.81,Diabetes Mellitus
VET0487,Canina,12.3,F,17.22,50.75,8.73,71.82,23.06,1.3,27.97,2.98,Otite
VET0488,Canina,11.1,M,15.01,50.06,7.25,326.56,34.55,1.09,83.65,2.72,Diabetes Mellitus
VET0489,Felina,17.2,M,13.16,38.34,15.29,102.96,34.15,1.6,46.73,3.4,Saudável
VET0490,Felina,16.3,M,11.03,43.6,13.72,112.82,43.49,1.71,97.56,3.19,Obesidade
VET0491,Canina,7.1,M,14.46,53.17,15.86,130.72,45.77,0.6,128.92,2.92,Obesidade
VET0492,Felina,18.2,M,11.51,33.77,9.99,80.8,38.89,1.49,40.93,2.99,Otite
VET0493,Canina,6.5,M,16.48,53.08,14.32,86.6,88.71,2.41,21.73,1.81,Doença Renal Crônica
VET0494,Canina,9.4,F,12.79,52.46,12.97,82.66,36.66,1.08,68.99,2.8,Doença Periodontal
VET0495,Canina,14.3,F,17.19,42.57,13.64,70.81,64.27,3.18,58.91,1.91,Doença Renal Crônica
VET0496,Canina,17.8,M,16.82,47.11,14.15,103.09,30.67,1.39,36.52,3.24,Saudável
VET0497,Canina,10.5,F,16.47,43.82,9.33,92.97,44.54,1.52,59.06,3.36,Artrose
VET0498,Canina,6.7,F,17.42,38.77,8.55,105.45,44.71,1.44,47.36,2.62,Saudável
VET0499,Felina,10.6,F,11.63,33.46,9.58,131.78,32.27,1.79,39.94,3.33,Artrose
VET0500,Felina,13.8,M,9.54,35.06,6.76,395.11,54.22,1.35,25.65,3.81,Diabetes Mellitus
